accession	description
CAUYNE010000000	Eulemur albifrons genome assembly
CAUYLE010000000	Cacajao ayresi isolate INPA5247 genome assembly
CAUYLF010000000	Cacajao hosomi isolate MN68611 genome assembly
CAUYLG010000000	Cacajao melanocephalus isolate CCM017 genome assembly
CAUYLL010000000	Cacajao calvus isolate Masto283 genome assembly
CAUYLM010000000	Chiropotes israelita isolate JPB131 genome assembly
CAUYLW010000000	Varecia rubra genome assembly
CAUYLY010000000	Ateles paniscus isolate TRO682 genome assembly
CAUYLZ010000000	Pithecia hirsuta isolate FES29 genome assembly
CAUYMA010000000	Ateles belzebuth isolate JPB105 genome assembly
CAUYMB010000000	Plecturocebus cinerascens isolate UFRO.M.195 genome assembly
CAUYMC010000000	Pithecia vanzolinii isolate FES57 genome assembly
CAUYMD010000000	Cheracebus lucifer isolate FES41 genome assembly
CAUYME010000000	Ateles marginatus isolate INPA667 genome assembly
CAUYMF010000000	Pithecia albicans isolate PUR204 genome assembly
CAUYML010000000	Mirza zaza genome assembly
CAUYMN010000000	Lepilemur ankaranensis genome assembly
CAUYMO010000000	Plecturocebus brunneus isolate UFRO.M.327 genome assembly
CAUYMP010000000	Eulemur sanfordi genome assembly
CAUYMR010000000	Aotus azarai genome assembly
CAUYMX010000000	Lepilemur septentrionalis genome assembly
CAUYMY010000000	Aotus vociferans isolate JAP759 genome assembly
CAUYMZ010000000	Papio papio genome assembly
CAUYNA010000000	Eulemur fulvus genome assembly
CAUYNB010000000	Lagothrix lagotricha isolate FES94 genome assembly
CAUYNC010000000	Plecturocebus moloch isolate TAP351 genome assembly
CAUYND010000000	Miopithecus ogouensis genome assembly
CAUYNF010000000	Nomascus siki genome assembly
CAUYNG010000000	Cercocebus chrysogaster genome assembly
CAUYNH010000000	Ateles geoffroyi isolate KSTR5A genome assembly
CAUYNI010000000	Alouatta palliata isolate KSTR199 genome assembly
CAUYNJ010000000	Macaca tonkeana strain pet animal genome assembly
CAUYNK010000000	Saimiri sciureus isolate TRO588 genome assembly
CAUYNL010000000	Macaca arctoides genome assembly
CAUYNM010000000	Macaca nigra strain pet animal genome assembly
CAUYNN010000000	Chiropotes chiropotes sagulata isolate TRO582 genome assembly
CAUYNO010000000	Macaca radiata genome assembly
CAUYNP010000000	Trachypithecus laotum genome assembly
CAUYNQ010000000	Semnopithecus hypoleucos genome assembly
CAUYNR010000000	Mico argentatus isolate RVR40 genome assembly
CAUYNS010000000	Alouatta seniculus isolate JPB162 genome assembly
CAUYNT010000000	Cercopithecus roloway genome assembly
CAUYNU010000000	Macaca leonina genome assembly
CAUYNV010000000	Trachypithecus geei genome assembly
CAUYNW010000000	Pygathrix cinerea genome assembly
CAUYNX010000000	Hylobates muelleri genome assembly
CAUYNY010000000	Mico argentatus genome assembly
CAUYNZ010000000	Papio kindae genome assembly
CAUYOA010000000	Pygathrix nigripes genome assembly
CAUYOB010000000	Saimiri ustus isolate FES22 genome assembly
CAUYOC010000000	Propithecus tattersalli genome assembly
CAUYOD010000000	Saimiri cassiquiarensis isolate JPB71 genome assembly
CAUYOE010000000	Alouatta macconnelli isolate JPB129 genome assembly
CAUYOF010000000	Trachypithecus hatinhensis genome assembly
CAUYOG010000000	Trachypithecus cristatus genome assembly
CAUYOH010000000	Trachypithecus germaini genome assembly
CAUYOI010000000	Saimiri macrodon isolate JAP700 genome assembly
CAUYOJ010000000	Semnopithecus entellus genome assembly
CAUYOK010000000	Presbytis comata genome assembly
CAUYOL010000000	Cercocebus torquatus genome assembly
CAUYOM010000000	Trachypithecus pileatus genome assembly
CAUYON010000000	Arctocebus calabarensis genome assembly
CAUYOO010000000	Trachypithecus obscurus genome assembly
CAUYOP010000000	Allenopithecus nigroviridis genome assembly
CAUYOQ010000000	Leontocebus fuscicollis genome assembly
CAUYOR010000000	Callimico goeldii genome assembly
CAUYOS010000000	Alouatta belzebul genome assembly
CAUYOT010000000	Hylobates agilis genome assembly
CAUYOU010000000	Hapalemur griseus genome assembly
CAUYOV010000000	Trachypithecus phayrei crepuscula genome assembly
CAUYOW010000000	Cebus unicolor isolate JAP738 genome assembly
CAUYOX010000000	Avahi peyrierasi genome assembly
CAUYOY010000000	Cheirogaleus medius genome assembly
CAUYOZ010000000	Allochrocebus lhoesti genome assembly
CAUYPA010000000	Saguinus geoffroyi isolate KSTR201 genome assembly
CAUYPB010000000	Alouatta seniculus puruensis isolate RVR108 genome assembly
CAUYPC010000000	Saimiri oerstedii isolate KSTR147 genome assembly
CAUYPD010000000	Trachypithecus auratus genome assembly
CAUYPE010000000	Macaca siberu genome assembly
CAUYPF010000000	Hylobates klossii genome assembly
CAUYPG010000000	Trachypithecus johnii genome assembly
CAUYPH010000000	Eulemur mongoz genome assembly
CAUYPI010000000	Saguinus bicolor isolate unknown genome assembly
CAUYPJ010000000	Macaca fascicularis genome assembly
CAUYPK010000000	Loris lydekkerianus genome assembly
CAUYPL010000000	Piliocolobus gordonorum genome assembly
CAUYPM010000000	Trachypithecus poliocephalus genome assembly
CAUYPN010000000	Semnopithecus priam genome assembly
CAUYPO010000000	Cheirogaleus major genome assembly
CAUYPP010000000	Eulemur rufus genome assembly
CAUYPQ010000000	Alouatta juara isolate JT067 genome assembly
CAUYPR010000000	Cercopithecus ascanius genome assembly
CAUYPS010000000	Leontopithecus chrysomelas genome assembly
CAUYPT010000000	Callithrix kuhlii isolate K55 genome assembly
CAUYPU010000000	Saguinus mystax isolate PUR163 genome assembly
CAUYPV010000000	Semnopithecus schistaceus genome assembly
CAUYPW010000000	Macaca fuscata fuscata genome assembly
CAUYPX010000000	Callithrix geoffroyi isolate G3 genome assembly
CAUYPY010000000	Macaca cyclopis genome assembly
CAUYPZ010000000	Piliocolobus badius genome assembly
CAUYQA010000000	Leontopithecus rosalia genome assembly
CAUYQB010000000	Saguinus bicolor isolate JPB165 genome assembly
CAUYQC010000000	Rhinopithecus bieti isolate Rb0 genome assembly
CAUYQD010000000	Tarsius lariang genome assembly
CAUYQE010000000	Macaca thibetana genome assembly
CAUYQF010000000	Trachypithecus phayrei genome assembly
CAUYQG010000000	Tarsius wallacei genome assembly
CAUYQH010000000	Nycticebus coucang isolate BS32 genome assembly
CAUYQJ010000000	Aotus griseimembra genome assembly
CAUYQK010000000	Cheracebus lugens isolate JPB108 genome assembly
CAUYQL010000000	Nomascus annamensis genome assembly
CAUYQM010000000	Cephalopachus bancanus genome assembly
CAUYQN010000000	Papio ursinus genome assembly
CAUYQO010000000	Nomascus gabriellae genome assembly
CAUYQP010000000	Plecturocebus cupreus isolate JT037 genome assembly
CAUYQQ010000000	Mico humilis isolate CCM138 genome assembly
CAUYQR010000000	Varecia variegata genome assembly
CAUYQS010000000	Otolemur crassicaudatus genome assembly
CAUYQT010000000	Plecturocebus grovesi isolate RVR22 genome assembly
CAUYQU010000000	Cheracebus regulus isolate JT051 genome assembly
CAUYQV010000000	Galagoides demidoff genome assembly
CAUYQW010000000	Mico humeralifer isolate TAP211 genome assembly
CAUYQX010000000	Cheracebus torquatus isolate PUR154 genome assembly
CAUYQY010000000	Propithecus deckenii coronatus genome assembly
CAUYQZ010000000	Cercopithecus neglectus genome assembly
CAUYRB010000000	Propithecus perrieri genome assembly
CAUYRC010000000	Cercopithecus campbelli lowei genome assembly
CAUYRH010000000	Perodicticus potto genome assembly
CAUYRI010000000	Plecturocebus bernhardi isolate MPEG04 genome assembly
CAUYRK010000000	Perodicticus potto ibeanus genome assembly
CAUYRL010000000	Papio cynocephalus genome assembly
CAUYRM010000000	Cebus olivaceus isolate JPB142 genome assembly
CAUYRN010000000	Sapajus apella macrocephalus isolate FES27 genome assembly
CAUYRP010000000	Saguinus inustus isolate JPB85 genome assembly
CAUYRQ010000000	Colobus polykomos genome assembly
CAUYRR010000000	Aotus trivirgatus isolate JPB134 genome assembly
CAUYRS010000000	Piliocolobus kirkii genome assembly
CAUYRT010000000	Lepilemur ruficaudatus genome assembly
CAUYRU010000000	Cercopithecus hamlyni genome assembly
CAUYRV010000000	Trachypithecus francoisi genome assembly
CAUYRW010000000	Lepilemur dorsalis genome assembly
CAUYRX010000000	Cercopithecus diana genome assembly
CAUYRY010000000	Eulemur rubriventer genome assembly
CAUYRZ010000000	Pithecia chrysocephala isolate CCM253 genome assembly
CAUYSA010000000	Nasalis larvatus genome assembly
CAUYSB010000000	Macaca maura genome assembly
CAUYSC010000000	Ateles chamek isolate RVR96 genome assembly
CAUYSD010000000	Eulemur macaco genome assembly
CAUYSE010000000	Hylobates muelleri abbotti genome assembly
CAUYSF010000000	Eulemur flavifrons genome assembly
CAUYSG010000000	Eulemur coronatus genome assembly
CAUYSH010000000	Allochrocebus preussi genome assembly
CAUYSI010000000	Pithecia mittermeieri isolate TAP214 genome assembly
CAUYSJ010000000	Eulemur fulvus collaris genome assembly
CAUYSK010000000	Avahi laniger genome assembly
CAUYSL010000000	Propithecus edwardsi genome assembly
CAUYSM010000000	Saguinus oedipus genome assembly
CAUYSN010000000	Cebuella niveiventris isolate JT32 genome assembly
CAUYSO010000000	Propithecus diadema genome assembly
CAUYSP010000000	Nomascus concolor genome assembly
CAUYSQ010000000	Saguinus imperator genome assembly
CAUYSR010000000	Saguinus labiatus genome assembly
CAUYSS010000000	Cercopithecus pogonias genome assembly
CAUYST010000000	Trachypithecus vetulus genome assembly
CAUYSU010000000	Cercopithecus nictitans genome assembly
CAUYSW010000000	Cercopithecus petaurista genome assembly
CAUYSX010000000	Cebuella pygmaea isolate JAP720 genome assembly
CAUYSY010000000	Hapalemur griseus meridionalis genome assembly
CAUYTA010000000	Propithecus verreauxi genome assembly
CAUYTB010000000	Gorilla beringei genome assembly
CAUYTD010000000	Hapalemur occidentalis genome assembly
CAUYTE010000000	Alouatta belzebul isolate TAP313 genome assembly
CAUYTF010000000	Hapalemur griseus genome assembly
CAUYTG010000000	Chlorocebus pygerythrus genome assembly
CAUYTH010000000	Plecturocebus dubius isolate UFRO.M.427 genome assembly
CAUYTI010000000	Galago senegalensis genome assembly
CAUYTJ010000000	Plecturocebus hoffmannsi isolate TAP234 genome assembly
CAUYTN010000000	Plecturocebus caligatus isolate CCM248 genome assembly
CAUYTP010000000	Plecturocebus miltoni isolate FES13 genome assembly
CAUYTQ010000000	Allochrocebus solatus genome assembly
CAUYTR010000000	Pithecia pissinatti isolate CCM103 genome assembly
CAUYTS010000000	Alouatta discolor isolate TAP315 genome assembly
CAUYTU010000000	Indri indri isolate BS62 genome assembly
CAUYTV010000000	Presbytis melalophos mitrata genome assembly
CAUYUD010000000	Alouatta caraya genome assembly
CAUYUF010000000	Cercopithecus cephus genome assembly
CAUYUG010000000	Leontocebus fuscicollis genome assembly
CAUYUH010000000	Leontocebus nigricollis isolate FES50 genome assembly
CAUYMV010000000	Cercocebus atys lunulatus genome assembly
CAUYQI010000000	Hapalemur griseus alaotrensis genome assembly
